report,partner,Exported value in 2004,Exported value in 2005,Exported value in 2006,Exported value in 2007,Exported value in 2008,Exported value in 2009,Exported value in 2010,Exported value in 2011,Exported value in 2012,Exported value in 2013,Exported value in 2014,Exported value in 2015,Exported value in 2016,Exported value in 2017,Exported value in 2018,Exported value in 2019,Exported value in 2020,Exported value in 2021,Exported value in 2022,Exported value in 2023
Tonga,United States of America,6653,7002,9441,7553,5635,3848,2371,2206,2887,2281,3425,3439,4583,4682,3926,6201,3806,3941,4255,2995
Tonga,New Zealand,2679,1228,1955,2030,2244,1214,1082,2027,2655,2871,2874,2002,2123,3027,1785,2088,2187,2386,1652,2411
Tonga,Australia,456,576,567,522,935,686,562,456,800,1345,1252,1062,1508,1552,1706,2024,1414,1810,2171,1952
Tonga,United Kingdom,48,97,10,610,358,139,70,25,66,24,52,52,690,56,98,118,30,95,312,1572
Tonga,"Korea, Republic of",140,121,2210,702,838,252,860,1900,3151,2610,1535,1739,1674,3540,1986,2812,1399,1698,914,451
Tonga,Ireland,1,2,33,19,2,2,4,7,5,0,14,194,23,27,67,0,0,22,34,362
Tonga,Germany,357,218,36,149,90,40,0,1445,14,0,10,39,12,33,117,51,1,19,1,280
Tonga,Japan,13522,9004,6744,4175,2307,1924,813,2684,1631,1489,1785,2530,2847,2470,1565,1449,560,558,497,202
Tonga,Canada,113,53,60,87,89,20,8,19,52,30,15,8,6,32,81,117,35,104,311,201
Tonga,"Taipei, Chinese",3266,335,52,415,1883,26,143,335,97,41,43,9,0,1,2,28,6,4,127,182
Tonga,Netherlands,0,48,15,12,0,3,0,0,1,0,93,69,40,44,26,128,7,15,15,179
Tonga,France,124,75,38,104,19,31,408,575,298,386,360,134,363,86,213,97,43,30,519,154
Tonga,"Hong Kong, China",289,103,507,234,813,4161,3709,3755,483,703,658,253,42,39,24,361,416,1488,1115,109
Tonga,Singapore,0,0,0,0,0,0,0,15,112,123,75,2,10,8,11,23,81,40,64,107
Tonga,Serbia,,,0,0,0,0,0,0,0,1,0,0,0,0,0,0,0,0,0,72
Tonga,Poland,0,0,0,1,14,1,1,0,1,14,215,0,0,16,121,4,3,6,14,54
Tonga,South Africa,0,0,0,0,2,2,2,2,1,17,42,0,1,1,2,0,1,2636,0,34
Tonga,Malaysia,2,0,17,0,1,0,3,175,60,0,1,2,3,0,0,0,376,450,2,17
Tonga,Sweden,0,0,0,0,0,0,0,4,0,0,10,21,1,0,3,8,0,5,28,15
Tonga,Italy,199,171,228,211,687,119,178,27,372,95,0,1,225,200,1071,27,22,19,49,14
Tonga,Colombia,0,0,0,0,0,0,0,0,0,3,0,0,0,0,0,0,0,0,0,4
Tonga,Thailand,0,1,0,5,1,0,0,7,0,0,0,2,5,62,0,0,1,0,24,3
Tonga,Chile,0,0,0,0,0,0,0,0,0,0,0,0,0,0,0,0,0,0,0,2
Tonga,China,0,1,13,39,18,59,6,47,0,25,35,23,24,583,119,130,238,41,2,2
Tonga,Hungary,0,0,0,0,0,0,0,0,0,0,0,0,0,0,0,0,0,0,0,2
Tonga,Spain,0,0,0,0,0,143,357,403,0,1,2,53,0,4,12,12,44,40,19,2
Tonga,Belgium,2,0,0,28,50,1,39,1,0,92,1032,0,1,113,2,1,0,2,1142,1
Tonga,Czech Republic,0,0,1,0,0,0,3,0,2,1,4,0,20,2,2,0,1,0,9,1
Tonga,Denmark,16,6,0,24,7,0,0,0,2,0,0,0,0,0,0,0,4,0,3,1
Tonga,Ecuador,2,0,0,0,0,0,0,0,0,0,0,0,0,0,1,0,0,174,27,1
Tonga,Ukraine,0,0,0,0,0,0,0,0,0,0,1,0,0,0,0,3,0,0,0,0
Tonga,Argentina,2,0,5,10,0,3,0,0,18,0,44,0,0,0,0,9,0,0,0,0
Tonga,Austria,14,0,10,0,0,0,0,3,1,0,0,1,13,0,0,0,0,0,0,0
Tonga,"Bolivia, Plurinational State of",0,2,0,0,0,0,0,0,0,0,0,0,21,0,0,0,0,2,0,0
Tonga,Bosnia and Herzegovina,0,0,12,0,0,0,0,0,0,0,1,13,0,0,0,0,0,0,0,0
Tonga,Brazil,149,64,0,36,0,1,93,1016,35,8,0,0,0,3,0,22,52,4,2,0
Tonga,Belize,0,0,0,0,1,0,0,0,0,0,0,0,0,2,0,0,0,0,0,0
Tonga,Bulgaria,0,0,0,1,0,1,0,0,0,0,0,0,0,0,0,0,0,0,0,0
Tonga,Costa Rica,0,15,0,10,0,0,0,0,0,0,0,0,0,0,0,0,3,0,0,0
Tonga,Croatia,0,0,1,0,7,0,0,0,0,0,0,0,0,0,2,0,0,0,0,0
Tonga,Cyprus,0,0,0,0,0,0,0,0,0,0,0,0,0,0,0,8,0,0,0,0
Tonga,El Salvador,0,0,0,0,0,0,2,0,0,0,0,0,0,0,0,0,0,0,0,0
Tonga,Finland,0,0,0,0,0,0,0,0,2,1,1,0,0,0,0,0,0,0,0,0
Tonga,Greece,0,0,0,69,0,0,0,0,0,0,0,2,0,0,357,1,0,0,0,0
Tonga,Guatemala,0,0,0,0,0,0,0,0,0,0,0,0,0,0,0,0,0,0,6,0
Tonga,Iceland,0,0,0,0,0,0,0,0,0,0,0,0,0,0,4,0,16,0,0,0
Tonga,Luxembourg,0,0,0,0,0,0,0,10,2,516,3,26,1,41,3,0,0,3,1,0
Tonga,Malta,0,0,0,0,0,0,0,0,0,0,0,0,5,0,0,0,0,3,0,0
Tonga,Norway,2,0,0,0,0,0,0,0,0,0,0,1,0,3,0,0,0,0,1,0
Tonga,Slovakia,0,4,2,16,12,0,1,86,33,1,94,32,53,306,184,4,2,10,33,0
Tonga,Slovenia,0,0,0,3,16,14,0,0,0,0,0,0,0,0,0,9,0,0,0,0
Tonga,Switzerland,0,4,21,5,0,0,0,0,24,1,0,0,0,13,0,10,0,0,0,0
Tonga,Türkiye,340,0,0,0,0,2,0,350,0,0,0,0,0,0,0,0,0,0,0,0
Tonga,Palau,,,,,,,,,2,,0,0,0,0,0,,,,,
Tonga,Bermuda,,,,,,,,,0,1,0,0,0,0,0,0,0,0,0,
Tonga,Sudan,,,,,,,,,84,26,0,20,14,35,27,,,,,
Tonga,Myanmar,,,,,,,0,0,0,0,0,21,0,0,0,0,0,0,0,
Tonga,Tonga,,,,,84,150,0,0,0,0,0,,,0,0,303,535,17,103,
Tonga,"Palestine, State of",,,,0,0,0,16,0,15,0,0,0,0,0,0,0,0,0,0,
Tonga,Vanuatu,,,0,0,,104,7,13,,,,,,,,,,,,
Tonga,Nigeria,,,0,0,0,1627,1,57,0,11,43,9,3,0,45,0,0,0,0,
Tonga,Antigua and Barbuda,,0,,0,,0,0,0,7,0,0,0,0,0,0,0,0,0,0,
Tonga,United Arab Emirates,,0,,0,1,,,,2,5,6,0,0,0,15,10,1,7,8,
Tonga,Kiribati,,0,,0,3,5,14,0,0,26,3,0,0,0,1,,0,3,,
Tonga,Cook Islands,,7,,,,,,,,,,,,,,,,,,
Tonga,Papua New Guinea,48,,,,,,,0,19,,,,,,,2,4,0,,
Tonga,Kuwait,0,,6,0,0,2,0,0,0,0,2,0,2,5,0,0,1,0,0,
Tonga,Suriname,0,0,,0,,0,0,0,0,0,0,50,0,0,0,0,0,0,0,
Tonga,Togo,27,0,,0,0,0,0,0,0,0,0,0,0,0,0,0,0,0,0,
Tonga,Cuba,0,2,0,,,,,,,,,,0,0,0,0,0,0,0,
Tonga,Seychelles,0,0,0,,0,1,0,0,0,0,0,0,2,0,0,0,0,0,0,
Tonga,Angola,0,0,0,19,,11,4,0,3,0,0,0,0,0,0,1,1,0,0,
Tonga,Mali,0,0,0,0,0,,0,0,0,,,,0,0,0,0,0,30,0,
Tonga,Grenada,0,0,0,0,0,,1,4,15,0,0,0,0,2,0,0,0,0,0,
Tonga,Montserrat,0,0,0,0,0,0,,,0,0,0,0,9,0,0,0,0,,0,
Tonga,Bangladesh,3,0,0,0,0,27,0,0,0,0,,0,,,,,,,,
Tonga,Qatar,0,0,0,0,18,0,0,0,0,0,15,1,,0,0,0,0,0,0,
Tonga,Sri Lanka,0,0,0,0,0,0,0,0,0,0,0,0,0,6,,0,0,0,0,
Tonga,Albania,0,0,0,0,0,0,0,0,0,37,2,0,0,27,0,0,0,0,0,
Tonga,Bahamas,0,34,0,0,0,0,0,0,69,6,19,0,15,2,0,0,0,0,0,
Tonga,Bahrain,0,0,0,0,0,0,0,0,0,0,7,0,0,0,0,11,0,0,3,
Tonga,Barbados,0,0,0,0,0,0,0,0,0,0,0,0,0,0,0,0,91,0,0,
Tonga,Brunei Darussalam,0,0,0,0,0,1,7,1,0,1,0,0,0,0,1,0,0,0,38,
Tonga,Benin,0,5,0,0,0,0,0,0,12,42,0,0,0,0,0,0,0,0,0,
Tonga,Dominican Republic,0,0,0,0,0,0,2,0,0,0,0,4,0,0,2,0,0,0,0,
Tonga,Ethiopia,0,0,143,0,0,94,0,10,0,0,7,14,0,0,0,0,0,0,0,
Tonga,Fiji,128,181,254,346,217,199,602,834,767,330,84,199,115,211,116,240,202,48,55,
Tonga,French Polynesia,70,19,5,0,0,0,0,0,0,0,0,0,0,0,0,0,0,0,0,
Tonga,Gambia,0,0,0,0,0,0,0,0,3,0,0,0,0,0,0,0,0,0,0,
Tonga,Guyana,0,0,0,0,0,2,0,0,0,6,0,0,0,0,0,0,0,0,0,
Tonga,Indonesia,1,0,0,2,410,13,200,0,0,1,3,4,0,2,0,0,108,0,2,
Tonga,Israel,0,0,18,0,1,0,0,0,14,1,0,0,0,0,0,20,49,1,0,
Tonga,Côte d'Ivoire,0,0,0,0,0,0,0,0,0,0,0,0,0,0,0,0,0,1,0,
Tonga,Jamaica,0,0,0,0,0,0,0,0,0,0,0,0,0,0,0,0,1,1,0,
Tonga,Kenya,0,0,0,0,0,0,0,0,0,0,0,0,0,0,0,0,0,0,0,
Tonga,Lebanon,0,0,0,0,0,0,0,1,0,0,1,1,2,1,0,0,0,0,0,
Tonga,"Macao, China",0,0,0,0,0,0,0,0,0,0,0,0,0,0,7,0,0,0,0,
Tonga,Malawi,0,3,0,0,0,0,0,0,0,0,0,0,0,0,0,0,0,0,0,
Tonga,Mauritius,0,0,0,0,0,0,0,0,0,0,0,0,0,0,0,1,0,0,0,
Tonga,Mexico,0,1,2,1,8,1,0,1,2,21,2,6,7,8,13,6,0,0,0,
Tonga,"Moldova, Republic of",0,0,0,7,0,0,0,0,0,0,0,0,0,0,6,0,0,15,0,
Tonga,Mozambique,0,0,0,0,7,0,0,0,0,0,0,0,0,0,0,0,0,0,0,
Tonga,Oman,0,0,0,0,0,0,0,0,0,0,0,0,0,0,0,0,0,7,1,
Tonga,Namibia,5,0,0,0,0,0,0,0,0,0,0,0,0,0,0,0,0,1,0,
Tonga,Nicaragua,0,0,0,0,0,0,0,1,0,0,0,0,0,0,0,0,0,0,0,
Tonga,Niger,0,0,0,0,0,0,0,0,0,0,0,0,0,0,3,0,0,0,9,
Tonga,Pakistan,0,0,0,68,19,0,229,8,0,9,0,0,2,0,0,0,1,1,0,
Tonga,Philippines,0,0,0,1,0,0,0,0,1,0,0,0,258,20,0,0,3,2,0,
Tonga,Saint Vincent and the Grenadines,0,0,0,0,0,1,0,0,0,2,0,0,0,0,0,0,0,0,0,
Tonga,Saudi Arabia,0,0,0,0,0,0,0,0,0,138,0,0,0,0,22,29,2,0,58,
Tonga,Senegal,0,0,0,0,0,0,0,0,5,68,1,0,0,0,0,16,4,0,10,
Tonga,India,0,106,166,0,223,4,111,104,74,21,9,0,50,1,46,0,0,0,33,
Tonga,Viet Nam,0,0,215,0,0,0,0,0,0,0,0,0,0,0,0,0,0,0,0,
Tonga,Zimbabwe,0,0,0,0,0,0,0,0,0,0,0,0,0,0,63,0,0,0,0,
Tonga,Trinidad and Tobago,0,0,1,0,0,0,0,0,0,8,3,6,1,0,0,8,0,0,0,
Tonga,Tunisia,0,0,0,0,0,0,0,0,0,0,0,0,4,0,0,1,0,0,0,
Tonga,Uganda,0,0,0,0,0,0,0,8,0,0,0,0,0,0,0,0,0,0,2,
Tonga,"Macedonia, North",0,0,0,2,0,0,0,0,0,0,0,0,0,0,0,0,0,0,4,
Tonga,Burkina Faso,0,0,0,0,0,0,0,0,0,0,0,0,0,0,0,14,0,0,0,
Tonga,Samoa,176,361,398,507,331,342,384,307,230,411,400,222,177,74,190,112,315,191,37,
Tonga,Zambia,0,0,0,0,0,0,0,0,1,0,0,0,0,0,0,0,4,0,0,
Tonga,Gabon,0,13,0,0,0,6,0,0,0,0,0,0,0,0,0,2,0,0,,
Tonga,Russian Federation,0,0,0,0,0,0,0,0,0,0,0,0,0,0,0,0,0,2,,
Tonga,Ghana,29,7,7,19,19,1,0,0,0,0,0,1,3,0,17,0,,,,
Tonga,Solomon Islands,0,0,0,0,0,0,0,0,0,0,0,1,0,12,0,,,,,
Tonga,Greenland,0,0,0,0,0,0,0,0,0,0,0,0,1,0,0,,,,,
Tonga,Saint Kitts and Nevis,0,0,0,0,0,1,0,0,0,0,0,0,0,0,,,,,,
Tonga,Guinea,0,0,0,0,0,0,0,0,0,0,0,4,0,,,,,,,
Tonga,New Caledonia,3,0,0,0,26,6,17,0,0,0,0,0,,,,,,,,
Tonga,"Venezuela, Bolivarian Republic of",0,0,0,2,0,0,0,0,0,0,,,,,,,,,,
Tonga,Sudan (before 2012),0,0,13,5213,11,13,218,0,,,,,,,,,,,,
Tonga,Mayotte,0,0,3,11,3,0,,,,,,,,,,,,,,
Tonga,Serbia and Montenegro,10,,,,,,,,,,,,,,,,,,,
