reporter,partner,Exported value in 2004,Exported value in 2005,Exported value in 2006,Exported value in 2007,Exported value in 2008,Exported value in 2009,Exported value in 2010,Exported value in 2011,Exported value in 2012,Exported value in 2013,Exported value in 2014,Exported value in 2015,Exported value in 2016,Exported value in 2017,Exported value in 2018,Exported value in 2019,Exported value in 2020,Exported value in 2021,Exported value in 2022,Exported value in 2023
Kazakhstan,China,2286271,2909355,3607273,6431909,7727828,6255600,11108591,15349866,14675447,16050838,9741822,5840304,4793614,6342399,8529554,7864755,8598922,10262825,14819247,16324026
Kazakhstan,United Kingdom,160238,206706,1511050,632062,391867,403383,253012,687501,937615,508501,287569,710758,727582,760741,446655,452293,742062,4065034,7826346,14283101
Kazakhstan,Germany,2516045,3159744,4119970,4899793,6376947,3121362,4852874,5954187,5024004,5933935,5805576,3036882,3137906,3929053,4286517,3521227,2670405,4214711,7280207,5860127
Kazakhstan,Italy,924146,2326893,3451908,2972197,3906858,1853558,3138205,4898194,6025158,4894499,3218268,2579021,1620283,1518251,2067752,2362923,1441393,1399760,3935669,5126937
Kazakhstan,Netherlands,301964,319053,432531,841999,1641878,403867,1227293,2241928,1951540,1251944,500503,211922,229802,251727,231403,62307,105991,539009,867687,4156178
Kazakhstan,France,1497003,2262729,2505508,2835356,3316757,3375600,4246123,7173086,6749323,7077308,5536213,3639048,2701491,3991474,3507757,3544328,1797848,2430624,4609146,3955013
Kazakhstan,Switzerland,214265,278666,552073,875036,1913420,1235029,1075571,2179443,1458943,1877011,1035762,199817,234975,487485,703361,475434,125654,77078,2952437,3715869
Kazakhstan,Greece,130247,406878,683072,1013419,1414681,786469,1412155,1255732,1636697,1887273,3220221,1581159,1398336,1283391,1926094,1799447,1797137,2627112,2799288,3670590
Kazakhstan,"Korea, Republic of",204029,241605,275882,256767,350457,166409,333934,375799,308199,249070,560771,305118,285295,1000298,1362078,1561484,1090196,2442129,4869471,3568112
Kazakhstan,Türkiye,442193,558900,993728,1284049,1861131,959455,1392528,1995115,2056086,1758429,1222772,1109832,1093897,1463158,1470257,1403956,1180549,1595313,3514907,3501132
Kazakhstan,Romania,587925,1315955,1640782,1357652,3801604,1907883,1799669,3186883,2910727,2380305,3079700,1116252,911226,1241462,1587770,1868860,1272298,59914,1775661,2952607
Kazakhstan,United States of America,568557,1164340,998447,1290189,1650994,1598221,1934960,1714209,1608874,1459593,1459478,850869,766837,829127,1439209,1270124,938682,1783929,2737380,2317166
Kazakhstan,Spain,538587,637117,1045371,844805,1006920,369672,443287,1096422,1042659,2132433,2214221,1330227,797482,1761842,2527123,1576121,1313771,1863878,2959083,2132900
Kazakhstan,Austria,567415,635988,823587,1085631,1577931,1308828,1157248,1949854,1822828,1760817,2169190,952033,728608,1059806,1715636,1689868,1002920,1622641,1668881,1860977
Kazakhstan,Poland,446263,500204,304291,411760,511642,301987,425454,514345,392709,590082,1718702,948132,538171,921174,2127638,1458115,1116109,957739,1516194,1019456
Kazakhstan,Japan,246010,334379,334258,401628,849381,331299,602116,761983,582434,643812,753994,810751,592774,1257895,1561748,1050471,741375,724130,856664,672609
Kazakhstan,Czech Republic,120878,164262,287822,178641,553023,283664,422216,580269,482911,535421,682722,341079,103656,440902,653628,597983,330443,781474,638026,669859
Kazakhstan,Canada,37048,30405,32743,87087,218589,1488921,2219032,2884538,3189766,2518795,458584,409497,524013,370952,315297,349903,299295,727586,900975,448650
Kazakhstan,Singapore,300,174,1518,1706,947,430,346,3907,2180,37157,921,32109,3552,80173,228424,199029,47392,451099,237183,378882
Kazakhstan,Hungary,58401,66295,57293,76910,111111,59818,90254,111211,89164,51253,39911,19221,73478,403605,537519,326078,165957,269306,236497,358303
Kazakhstan,Serbia,,,50806,73897,24424,19038,30427,110770,415253,888174,198049,143341,55451,60652,5475,3964,104226,235826,10441,354411
Kazakhstan,Croatia,188,82,111,268,5060,669,3306,4584,4311,417201,68721,104,92399,163263,79310,8899,11552,48348,78487,280743
Kazakhstan,Ukraine,394794,186433,965678,1686552,3118846,2033942,766218,1675947,1494884,683564,375795,377578,434290,317954,459955,450390,424414,846598,509696,265691
Kazakhstan,Belgium,38567,34333,54725,173964,199333,23428,24419,56440,405688,302620,455054,219410,77132,147297,578437,518939,220320,206321,222960,203717
Kazakhstan,Latvia,3501,20855,49293,53537,127665,31102,54041,40438,83538,51533,42595,12052,6715,8377,10994,12294,2560,8510,67379,152693
Kazakhstan,Lithuania,9629,31221,49870,83417,199663,53078,68368,82170,163892,200017,717322,317526,337354,1009777,975683,761403,684802,1286467,589696,142617
Kazakhstan,Estonia,44163,57546,134595,139126,170358,111920,157042,188969,142744,70304,98088,61052,48042,59552,62054,48155,28495,127822,295334,102605
Kazakhstan,Thailand,69988,52244,18697,20014,36375,11366,29418,25129,43004,19871,3477,11175,14315,43832,40516,9781,13462,17395,76714,100775
Kazakhstan,"Taipei, Chinese",109047,17168,36565,50872,74559,50277,18449,67994,39456,38454,47059,55618,76248,101569,88647,84151,73725,111178,46139,84749
Kazakhstan,Slovakia,0,10508,18800,33887,29812,8738,25740,30387,18993,18080,17006,3833,8727,45990,75930,49414,86984,39718,82801,80287
Kazakhstan,Sweden,24246,49361,69628,81431,191166,50527,41043,18692,16501,17633,28718,12566,12665,12960,10313,11922,15522,21882,85539,77001
Kazakhstan,Brazil,5955,9976,38164,13793,12938,13907,46922,89262,92960,75682,116926,139134,46140,53190,80306,63743,78952,140400,163042,71539
Kazakhstan,Denmark,69582,47201,54102,19229,51909,46095,74707,39287,19711,31304,28115,17635,23831,3722,586,1181,8257,11570,22587,35758
Kazakhstan,Argentina,14006,7,18137,10694,14336,22683,16457,10029,400,4533,17133,7077,2917,3100,2945,824,10333,20348,30771,33436
Kazakhstan,"Hong Kong, China",15,849,2739,1881,612,6531,2480,1151,70779,73968,5328,31610,5718,1817,1811,1069,1166,2412,39133,17701
Kazakhstan,South Africa,17,27,9364,78,2766,200,4844,2183,5587,2221,7171,4814,12416,6717,24901,20070,9100,18750,38559,12181
Kazakhstan,Norway,1708,6239,4430,10535,14793,28668,9563,19647,25916,13364,12302,6541,11508,6389,18513,14743,5554,6940,39305,11174
Kazakhstan,"Bolivia, Plurinational State of",0,0,37,18,342,334,39,0,0,0,0,0,0,23,1,1,4,62,5,10781
Kazakhstan,Iceland,0,0,0,0,0,0,0,0,8,23,19,15,12,11,0,0,275,18,7167,10695
Kazakhstan,Bosnia and Herzegovina,83,4,614,49,474,197,6089,2672,2489,3541,2652,1935,1662,4318,2178,3416,2985,34384,28718,10014
Kazakhstan,Slovenia,9389,16806,20658,19161,31748,6051,23326,23970,35342,16791,9804,9554,14585,15050,5116,26890,6545,18951,17084,9110
Kazakhstan,Bulgaria,147599,194548,18931,172973,620577,433805,9548,97632,49977,59498,48767,27657,18984,15817,5362,3621,15966,2308,30927,8886
Kazakhstan,Australia,3420,6900,7578,6948,26773,5865,14137,6886,5689,1476,2053,2568,1468,1761,2468,4351,16945,5299,9303,8176
Kazakhstan,Portugal,315116,316173,414626,430677,555608,223254,848100,1189166,976605,730625,1081422,628864,335566,574801,954114,236706,5061,32439,109,7406
Kazakhstan,Cyprus,0,1520,4620,5701,6079,2247,4764,18911,32146,16039,2005,2963,2064,2586,5,4825,5131,6528,5479,5932
Kazakhstan,Chile,2813,2716,1181,77,481,913,974,118,874,2439,2839,1333,3272,2212,134,388,1745,10693,120086,5728
Kazakhstan,Malta,0,1,0,1,0,0,0,1,46836,0,135,6020,1,1319,16,55,430,82,80,5670
Kazakhstan,Luxembourg,8,167,629,270,30,746,353,0,71,8,4,305,2265,123,1,13,13,36,1969,4900
Kazakhstan,Peru,38,79,57,0,50,0,25,585,1547,620,182,160,62,0,3,137,369,472,754,4502
Kazakhstan,Finland,227963,224623,373031,422145,712805,395225,241174,443574,426430,635192,691449,222757,151545,95741,141179,11827,3378,9577,196029,3438
Kazakhstan,Ireland,2084,14,377,665,20,216,159,4316,189,1169,1769,337,57,511,19,71,2097,1504,801,2618
Kazakhstan,Colombia,1184,624,607,8027,1687,2544,2735,1952,184,2726,2877,2954,2460,2542,3626,4089,857,3851,5604,2374
Kazakhstan,Malaysia,6370,10151,6,41,1095,133,756,971,3495,2707,13151,2805,5499,9340,9099,3349,3953,10742,1234,1929
Kazakhstan,New Zealand,1659,4559,1367,3575,4760,5712,3176,1717,334,803,780,1043,712,916,1010,185,0,19,2119,438
Kazakhstan,Ecuador,7486,8,0,0,13,25,14,14,21,242,1,58,6,0,9,50,76,274,416,242
Kazakhstan,Paraguay,0,0,0,0,0,0,0,0,0,0,0,0,0,0,0,0,0,0,18574,200
Kazakhstan,El Salvador,5713,1062,0,0,1988,0,0,0,0,2,1,14,0,0,0,0,0,0,557,180
Kazakhstan,Costa Rica,2,931,0,0,161,4,1,0,54,26,0,0,9,61,135,2,6,1,7,13
Kazakhstan,Guatemala,0,2869,0,0,8,131,0,0,0,0,0,0,0,0,0,0,1,0,1,4
Kazakhstan,Madagascar,0,0,0,0,1,0,0,0,0,0,0,6239,0,0,0,0,0,0,1,1
Kazakhstan,Cabo Verde,0,0,0,0,0,0,0,0,0,0,0,0,0,0,0,0,0,4,0,0
Kazakhstan,Uzbekistan,,,,,,,,,,,,,,975267,1509389,1878388,2091366,2701119,3222244,
Kazakhstan,"Congo, Democratic Republic of the",,,,,,,,,,,,1,0,794,53352,13081,10641,1165,13588,
Kazakhstan,Tajikistan,,,,,,,,,,,617096,530893,481082,514639,536594,739335,757571,818533,957266,
Kazakhstan,Haiti,,,,,,,,,,0,0,0,0,7,,,,,,
Kazakhstan,Sudan,,,,,,,,,104369,22351,948,727,689,919,502,,,,,
Kazakhstan,Myanmar,,,,,,,0,0,56,0,0,126,4,0,0,0,0,0,21,
Kazakhstan,Nepal,,,,,,0,1326,354,2510,0,308,0,0,11,0,0,0,316,34,
Kazakhstan,Afghanistan,,,,,165133,290557,207983,333077,184938,123930,390020,426842,621625,866770,790754,514608,,,,
Kazakhstan,"Libya, State of",,,,3540,6536,0,8792,,,,,0,0,3,22,58,,,,
Kazakhstan,Congo,,,,0,0,2,1,115,2,0,0,0,0,10,23,8,4,1,17,
Kazakhstan,"Palestine, State of",,,,0,0,0,0,0,0,0,0,0,0,3,0,102,98,595,259,
Kazakhstan,Montenegro,,,6,6,789,4,2,983,1773,267,41,31,103,95,74,320,89,185,14384,
Kazakhstan,Nigeria,,,0,17133,84,1787,0,4990,68,0,0,17,4,13,26,59,25,1721,29,
Kazakhstan,United Arab Emirates,,7045,,25240,91564,,,,24244,25341,37944,79216,80049,119898,167435,216784,231765,555351,422661,
Kazakhstan,Lesotho,,0,0,0,0,0,0,0,0,0,0,0,0,47,0,0,0,0,0,
Kazakhstan,Papua New Guinea,0,,,,,,,1,2,,,,,,,0,0,0,,
Kazakhstan,Andorra,2,,17,6,66,49,141,20,21,2,1,0,0,0,0,1,0,0,0,
Kazakhstan,Kuwait,1300,,24,4129,9,7,2,712,32,118,104,11,59,179,268,179,74,75,2647,
Kazakhstan,Timor-Leste,0,0,,,,,,,,0,,,,0,2,0,0,0,0,
Kazakhstan,Guinea-Bissau,0,0,,,,,,,,0,0,0,0,0,9,,,,,
Kazakhstan,Mauritania,0,0,,0,0,0,0,0,0,0,0,0,0,0,0,0,0,0,0,
Kazakhstan,Togo,0,0,,0,144,0,0,179,0,0,4885,0,0,0,0,0,0,0,0,
Kazakhstan,Comoros,0,0,,0,0,0,31,0,0,0,0,0,0,0,0,0,0,0,,
Kazakhstan,Cuba,5724,6716,1057,,,,,,,,,,0,0,0,1485,7143,0,52557,
Kazakhstan,Seychelles,0,0,0,,0,7,8,0,0,0,0,0,6,0,0,0,0,2,0,
Kazakhstan,Mongolia,26334,40538,49805,38007,,,8339,16941,20499,34237,29181,29223,29281,34153,32186,29108,17989,18921,30744,
Kazakhstan,Angola,0,2,0,218,,7,180,207,265,115,71,2,35,16,134,73,47,53,44,
Kazakhstan,Mali,0,0,0,0,2798,,4,0,0,,,,0,0,5,119,0,0,442,
Kazakhstan,Bangladesh,19590,16375,10440,23311,16666,1218,1611,6059,2314,9663,,0,,,,,,,,
Kazakhstan,Qatar,217,181,0,435,813,293,50,61,24,50,69,59,,54,0,0,0,0,0,
Kazakhstan,Sri Lanka,0,0,0,0,31,0,0,0,185,1127,1176,359,6976,8601,,4138,5803,8040,21163,
Kazakhstan,Albania,32,1162,1867,2026,13623,1529,3962,16365,7287,7490,3645,282,147,4933,1185,740,1451,6830,140,
Kazakhstan,Azerbaijan,236741,95345,127252,222294,200052,63618,293553,217308,340557,306811,221056,98673,98110,107810,174068,205242,116075,95444,494423,
Kazakhstan,Bahrain,17,132,0,0,5211,0,39,7,94,33,59,0,3,814,3598,3455,758,31229,13115,
Kazakhstan,Armenia,412,841,2027,240596,18483,3213,12743,25335,8894,730,551,292,676,4043,3690,2923,5726,7795,23458,
Kazakhstan,Barbados,1,0,0,0,0,0,0,0,0,0,0,2,0,0,0,0,0,4,1,
Kazakhstan,Brunei Darussalam,0,0,0,0,0,0,0,0,0,0,0,0,0,2,6,203822,27759,1113804,394922,
Kazakhstan,Burundi,0,0,0,0,0,0,0,0,134,119,0,0,0,0,0,0,0,0,0,
Kazakhstan,Cambodia,0,0,0,0,56,0,0,0,1,0,0,371,0,10,1,6,29,136,193,
Kazakhstan,Benin,0,0,0,0,0,0,0,0,0,0,0,0,0,0,0,0,0,0,1020,
Kazakhstan,Dominican Republic,9,0,57,28,33,1,12,49,4,12,2,2,14,1004,3905,2840,4036,3047,1035,
Kazakhstan,Ethiopia,0,1109,0,8272,12237,4459,0,0,0,0,0,2191,181,7,535,934,1748,3692,2777,
Kazakhstan,Fiji,0,0,0,0,0,0,0,0,0,0,0,0,0,3,0,0,0,0,0,
Kazakhstan,French Polynesia,1,15,17,1,4,5,5,0,0,0,1,2,2,0,2,0,0,1,4,
Kazakhstan,Georgia,21423,11551,22584,63819,54722,23259,93805,69642,132412,55639,35197,17530,19022,21249,79998,29461,33734,18486,35331,
Kazakhstan,Gambia,0,0,0,0,0,0,0,3,0,4,0,0,0,0,0,0,0,0,0,
Kazakhstan,Indonesia,12919,22634,369,8663,24304,9016,26512,24985,54718,16942,28186,13769,14947,37621,26739,141805,130082,277897,585475,
Kazakhstan,"Iran, Islamic Republic of",208189,245776,283035,340685,295424,222751,123955,135723,192639,246496,179025,106237,210759,66638,87068,105026,37364,77862,146918,
Kazakhstan,Israel,520,3635,2282,3392,3619,1005,386,2631,1743,1617,3917,1618,2066,6019,36356,26992,783,1176,20029,
Kazakhstan,Côte d'Ivoire,1,527,0,1570,1575,0,1,66,75,105,0,0,0,14,122,0,24,3,19,
Kazakhstan,Jordan,16602,24861,10215,12277,41305,13386,2830,1719,18135,15390,69,87,92,839,162,117,2261,175,580,
Kazakhstan,Kenya,0,3656,1479,179,192,35,0,16,0,0,7,0,0,4,180,48,22,0,40,
Kazakhstan,Kyrgyzstan,202905,180435,199796,312405,376491,275168,385478,410861,518720,555022,776738,565997,593271,585995,502038,609961,500158,684791,768029,
Kazakhstan,Lebanon,32005,22268,9181,32952,85837,4016,21094,10668,32823,14593,20413,2898,8432,2518,13407,58184,3629,4300,28982,
Kazakhstan,"Macao, China",0,0,1,0,0,0,0,0,0,0,24,0,0,0,6,20,0,0,0,
Kazakhstan,Malawi,0,0,0,0,0,0,1390,0,5,0,0,0,0,0,0,0,0,0,0,
Kazakhstan,Maldives,0,0,0,0,0,0,0,0,0,0,0,0,0,0,0,7,0,1,27,
Kazakhstan,Mauritius,0,0,0,0,0,3,0,0,0,11,7,5,0,1,1,0,15,100,2,
Kazakhstan,Mexico,3658,1603,379,1541,23213,3972,2821,681,941,1639,593,27191,65886,12163,7389,7910,3640,2137,3896,
Kazakhstan,"Moldova, Republic of",50261,66768,5655,11393,21508,168037,15838,31895,26503,32722,27279,11022,3154,1737,5995,11652,58287,15830,38133,
Kazakhstan,Morocco,1933,121,97,64712,125006,10131,3169,84200,200476,4421,1,4425,27362,71421,157448,83529,25353,215815,688278,
Kazakhstan,Mozambique,0,0,0,4993,2,28,12,1,143,85,34,8,10,4,34,2,2,1,9,
Kazakhstan,Oman,0,0,0,4359,4057,0,0,8,1,2,1,1,686,13,167,77,64,45,19,
Kazakhstan,Namibia,0,1,0,0,0,0,0,0,7716,0,0,0,0,0,0,6441,4,49,28634,
Kazakhstan,Nicaragua,600,2136,117,0,0,0,0,0,0,0,0,0,0,5,1,0,0,0,0,
Kazakhstan,Niger,0,0,0,0,0,0,0,0,0,0,0,0,10,2240,1496,797,889,3152,1380,
Kazakhstan,Pakistan,251,746,2550,1992,44528,2155,34971,7769,13204,4731,4206,3717,2702,7637,3323,848,518,21793,38131,
Kazakhstan,Panama,0,25,0,0,0,0,0,0,0,0,0,0,0,0,0,0,0,0,0,
Kazakhstan,Philippines,567,1638,114,715,1028,0,4,257,7,130,345,15,117,4548,26427,2,3,54,13837,
Kazakhstan,Rwanda,0,0,0,0,0,0,0,0,0,0,0,0,43,0,8,3,18,1,0,
Kazakhstan,Saudi Arabia,148958,75105,900,48616,5469,30577,105496,4791,68663,11660,16903,24612,7517,21958,5438,15337,19330,41305,23587,
Kazakhstan,Senegal,115,295,1332,453,2675,12,278,0,0,3952,2,9962,4065,3190,0,11952,2652,15793,47105,
Kazakhstan,India,13965,23485,76112,70504,142992,146660,157500,122562,163994,441841,924993,337751,320344,1038569,751049,1597366,1283221,530008,118438,
Kazakhstan,Viet Nam,53895,44686,15318,29124,33282,81773,28513,12409,13761,5235,10435,9116,55874,48868,58489,24082,31112,47226,33042,
Kazakhstan,Zimbabwe,0,0,0,0,0,0,0,0,0,0,0,0,1,0,0,26,0,0,9,
Kazakhstan,Trinidad and Tobago,0,0,9,6,0,14,7,0,2,26,0,4,3,16,0,3,1,358,985,
Kazakhstan,Tunisia,7984,8286,23250,63375,152068,20914,18442,21115,18522,16571,12220,12536,10270,18255,51437,43990,23155,16771,81528,
Kazakhstan,Uganda,96,736,164,0,0,0,0,1,0,5,0,0,0,3,24,0,40,1,3,
Kazakhstan,"Macedonia, North",2281,19278,21491,120593,39343,2050,1506,1630,5963,2766,1826,813,405,7694,29358,1992,1299,4634,2708,
Kazakhstan,Egypt,1645,2262,8594,80537,191662,36128,80727,21643,21807,14868,10151,5940,49759,24459,8089,2782,1636,4497,13387,
Kazakhstan,"Tanzania, United Republic of",0,0,20,9433,60,3,0,29,0,48,0,0,24,1,1,1,1,97,4,
Kazakhstan,Burkina Faso,0,0,0,809,494,349,509,1565,0,6,0,8,5,23,3,3,5,10,9,
Kazakhstan,Uruguay,0,0,0,0,0,0,534,1068,0,0,0,19,0,0,0,104,0,32,4759,
Kazakhstan,Zambia,0,0,0,0,0,220,0,0,0,7,0,0,0,1,5972,9803,192,0,0,
Kazakhstan,Belarus,23524,31070,73256,151737,171780,74863,405811,136798,119024,77668,82477,45182,55324,97000,112069,154781,98633,77487,,
Kazakhstan,Gabon,0,20,0,0,216,7,204,174,0,0,4,4,1,0,0,1,0,0,,
Kazakhstan,Honduras,0,0,0,0,0,0,0,0,0,0,0,0,0,1,5,44,0,33,,
Kazakhstan,Russian Federation,3428692,3224709,3838489,4600519,6371116,3685000,4449351,6912746,9409256,5664931,7172377,4656477,3612215,4916678,5295922,5570993,5054817,7132347,,
Kazakhstan,Eswatini,0,0,0,0,0,0,0,3,0,0,1,0,0,0,0,0,0,1,,
Kazakhstan,Ghana,0,2,0,0,0,29,3,328,288,191,48,55,8,86,302,37,,,,
Kazakhstan,Algeria,0,837,123,13727,11886,4064,2843,106,7861,7291,28182,5808,7479,12344,,,,,,
Kazakhstan,New Caledonia,2,45,0,0,4,0,0,0,1,3,1,0,,,,,,,,
Kazakhstan,Yemen,3,5299,8,40977,137711,829,0,10,55010,7331,36,0,,,,,,,,
Kazakhstan,"Venezuela, Bolivarian Republic of",3,16,0,132,252,13,16,1,41,0,,,,,,,,,,
Kazakhstan,Sudan (before 2012),0,0,620,204,1000,2278,366,129,,,,,,,,,,,,
Kazakhstan,Syrian Arab Republic,25918,23199,16013,29715,60507,49965,34168,,,,,,,,,,,,,
Kazakhstan,Faroe Islands,0,2,1,263,0,8,,,,,,,,,,,,,,
Kazakhstan,Serbia and Montenegro,92118,,,,,,,,,,,,,,,,,,,
