reporter,partner,Imported value in 2004,Imported value in 2005,Imported value in 2006,Imported value in 2007,Imported value in 2008,Imported value in 2009,Imported value in 2010,Imported value in 2011,Imported value in 2012,Imported value in 2013,Imported value in 2014,Imported value in 2015,Imported value in 2016,Imported value in 2017,Imported value in 2018,Imported value in 2019,Imported value in 2020,Imported value in 2021,Imported value in 2022,Imported value in 2023
"Korea, Dem. People's Rep.",China,799500,1081104,1232323,1392492,2032431,1887741,2277347,3164704,3532383,3630075,3519651,2947443,2929120,3330975,2218140,2573790,490968,259607,894040,2012318
"Korea, Dem. People's Rep.",Peru,2908,959,22974,15160,179142,3183,7867,30269,562,498,1041,21187,66,9661,1521,3137,1226,53,2,18547
"Korea, Dem. People's Rep.",Netherlands,120513,34974,21958,13642,19479,5535,2077,1941,1826,1557,2764,2326,2421,886,1158,972,269,447,2418,1166
"Korea, Dem. People's Rep.","Hong Kong, China",11088,9668,7931,15397,8997,26091,19327,11980,57009,26370,7924,4988,6289,1409,1600,1370,684,1370,1364,678
"Korea, Dem. People's Rep.",Poland,1677,4052,3121,508,4743,423,820,1370,261,412,270,1154,156,245,89,1215,305,122,600,464
"Korea, Dem. People's Rep.",United States of America,23750,5757,3,1728,52151,903,2867,9406,11952,6583,24029,4752,118,0,0,0,0,0,0,187
"Korea, Dem. People's Rep.",Greece,485,1252,1387,434,736,216,1255,58,179,68,38,383,193,44,38,90,19,103,0,181
"Korea, Dem. People's Rep.",Spain,8679,9553,6917,2092,25208,2000,682,1739,1877,908,168,278,788,941,484,30,167,318,285,138
"Korea, Dem. People's Rep.",Denmark,11182,11044,4861,6120,4351,3648,11602,1005,1106,75,0,345,2343,192,30,0,16,0,0,111
"Korea, Dem. People's Rep.",Brazil,169940,66291,60274,112500,198816,82627,21466,14237,3428,16459,23324,2482,2052,1174,7287,19859,93,0,0,98
"Korea, Dem. People's Rep.",Thailand,238987,206951,215614,183564,46556,30425,29685,24120,40309,99789,107251,73810,46822,1820,810,589,1743,1605,77,76
"Korea, Dem. People's Rep.",Italy,10814,11955,11825,9551,35016,39264,43562,25140,7077,1254,1202,1642,1242,266,293,140,167,39,189,45
"Korea, Dem. People's Rep.",Belgium,17559,10797,12895,2605,4975,4839,2002,632,13764,247,1133,333,3918,150,333,534,0,17,113,34
"Korea, Dem. People's Rep.",Cyprus,0,0,0,0,0,0,0,13,0,41,31,720,0,0,0,332,0,0,0,15
"Korea, Dem. People's Rep.",Canada,23651,17926,15332,18858,21575,20943,11953,5355,465,83,85,0,0,179,105,0,0,0,0,4
"Korea, Dem. People's Rep.",South Africa,1324,7294,78741,137368,150711,92821,219612,46738,8250,1425,3401,2730,5225,2154,1300,2408,456,59,188,4
"Korea, Dem. People's Rep.",Ecuador,22081,406,0,100,0,98,57,19,116,0,0,1,11,97,0,0,0,0,0,2
"Korea, Dem. People's Rep.",Costa Rica,12,67,448,2083,31446,29424,39,0,0,111,546,71,11,92,0,0,0,29,6,1
"Korea, Dem. People's Rep.",Hungary,371,185,100,2588,310,619,105,284,164,55,0,40,7,0,0,0,2,3,1,1
"Korea, Dem. People's Rep.",Serbia,,,1,0,1,0,6,31,0,0,0,7,0,0,0,0,0,0,0,0
"Korea, Dem. People's Rep.",Ukraine,4337,228,587,1385,2152,3651,2708,3315,15127,26336,10440,33739,7561,2358,237,0,0,0,0,0
"Korea, Dem. People's Rep.",Australia,7378,0,0,0,0,0,0,6552,0,0,0,0,0,0,0,0,0,0,0,0
"Korea, Dem. People's Rep.",Austria,5371,1943,2416,3369,2880,1399,541,877,775,475,756,159,2049,15,70,482,192,0,0,0
"Korea, Dem. People's Rep.","Bolivia, Plurinational State of",337,130,39,1,34,351,126,38,0,0,0,0,7,264,0,907,679,0,0,0
"Korea, Dem. People's Rep.",Bosnia and Herzegovina,0,0,0,0,0,0,0,0,0,0,0,0,0,0,0,22,0,0,98,0
"Korea, Dem. People's Rep.",Belize,8,0,0,0,0,0,0,3,0,0,0,4,0,0,0,0,0,0,0,0
"Korea, Dem. People's Rep.",Bulgaria,4128,3060,1069,150,125,3282,89,295,823,341,660,1124,568,659,0,0,673,0,0,0
"Korea, Dem. People's Rep.",Colombia,385,2009,3876,1336,826,100,752,0,0,0,2,0,103,242,2787,2773,761,270,1634,0
"Korea, Dem. People's Rep.",Croatia,1011,68,133,72,29,52,0,1,2,0,82,69,0,0,0,0,0,0,0,0
"Korea, Dem. People's Rep.",Czech Republic,2453,369,1416,102,135,44,14,86,82,187,96,8,5,36,0,0,0,0,0,0
"Korea, Dem. People's Rep.",El Salvador,0,530,0,154,68,5,704,40,1,1,28,5,0,0,0,0,0,0,0,0
"Korea, Dem. People's Rep.",Estonia,6,0,499,0,0,0,0,0,0,0,0,0,16,0,0,0,0,0,0,0
"Korea, Dem. People's Rep.",Finland,71,2336,250,281,180,449,551,8,149,11352,2,160,2,0,0,2,0,0,0,0
"Korea, Dem. People's Rep.",France,6623,7508,3925,3194,6893,2688,2986,7111,2268,1432,1072,3348,2214,1102,902,0,0,0,0,0
"Korea, Dem. People's Rep.",Germany,68557,63350,63369,39909,31111,35358,22835,17500,29934,18398,13252,7877,6283,4306,3104,1251,0,0,0,0
"Korea, Dem. People's Rep.",Guatemala,1,23745,10,819,9626,22278,13033,2602,692,348,418,4374,54,131,69,148,0,0,0,0
"Korea, Dem. People's Rep.",Ireland,64,275,0,0,949,80,0,0,0,0,0,0,0,0,0,0,0,0,0,0
"Korea, Dem. People's Rep.",Japan,88594,62368,43686,9115,7644,2811,0,0,0,0,0,0,0,0,0,0,0,0,0,0
"Korea, Dem. People's Rep.",Latvia,0,0,0,0,0,0,0,0,0,63,0,77,0,0,81,0,0,0,0,0
"Korea, Dem. People's Rep.",Lithuania,2,0,0,0,0,0,0,0,0,0,0,0,0,1227,0,0,0,0,0,0
"Korea, Dem. People's Rep.",Luxembourg,128,1,23,22,0,16,49,58,11,102,0,0,15,0,32,0,0,0,0,0
"Korea, Dem. People's Rep.",Madagascar,36,21,0,41,20,0,0,0,7,8,0,6,3,44,214,60,0,0,1,0
"Korea, Dem. People's Rep.",Malaysia,19846,17442,7418,7902,16833,10983,1540,6829,6,1035,2234,4736,2580,2433,2,0,0,0,0,0
"Korea, Dem. People's Rep.",Malta,0,0,0,0,0,0,0,10,0,0,0,0,0,0,0,0,0,0,0,0
"Korea, Dem. People's Rep.","Taipei, Chinese",15646,20534,22410,21610,15617,13724,13388,14264,11025,3055,3601,100,567,47,0,0,0,0,0,0
"Korea, Dem. People's Rep.",Norway,5,97,0,26,0,10,92,0,116,0,0,0,30,0,0,0,0,0,0,0
"Korea, Dem. People's Rep.",Paraguay,0,0,0,0,0,0,0,0,0,0,0,0,0,10,0,0,0,0,0,0
"Korea, Dem. People's Rep.",Portugal,42,895,34,0,0,0,6,0,159,0,334,0,21,140,102,0,0,0,0,0
"Korea, Dem. People's Rep.",Romania,944,372,551,651,407,31,0,11,0,43,118,1,0,40,0,0,0,0,0,0
"Korea, Dem. People's Rep.",Singapore,54785,73247,60021,54530,120819,54896,47583,37861,47943,59367,48383,28317,12938,299,0,0,123,0,0,0
"Korea, Dem. People's Rep.",Slovakia,682,5020,583,2,1721,120,143,0,49,0,0,10,0,0,0,0,0,0,0,0
"Korea, Dem. People's Rep.",Slovenia,463,1062,658,828,489,139,23,85,106,581,35,0,30,0,0,0,0,0,0,0
"Korea, Dem. People's Rep.",Sweden,28652,34573,24700,1176,774,322,481,259,121,516,345,100,52,73,6,47,0,0,54,0
"Korea, Dem. People's Rep.",Switzerland,6266,4943,2885,2849,3911,2983,2831,266,2601,6050,3599,5141,4742,5348,3296,3294,2677,0,0,0
"Korea, Dem. People's Rep.",Türkiye,1337,1152,1201,975,281,2459,665,100,240,6417,6305,4661,635,71,79,631,331,0,0,0
"Korea, Dem. People's Rep.",United Kingdom,4948,502,631,577,358,182,87,190,529,872,460,396,70,280,222,25,38,0,30,0
"Korea, Dem. People's Rep.",Uzbekistan,,,,,,,,,,,,,,64,6,0,0,0,0,
"Korea, Dem. People's Rep.",Curaçao,,,,,,,,,,,,,,65,22,45,41,,,
"Korea, Dem. People's Rep.","Congo, Democratic Republic of the",,,,,,,,,,,,14,124,66,16,9,7080,15033,0,
"Korea, Dem. People's Rep.",Sierra Leone,,,,,,,,,,,0,119,81,0,0,,,,,
"Korea, Dem. People's Rep.",Haiti,,,,,,,,,,2707,650,404,797,976,,,,,,
"Korea, Dem. People's Rep.",Palau,,,,,,,,,1,,0,0,0,0,0,,,,,
"Korea, Dem. People's Rep.",Bermuda,,,,,,,,,0,0,0,0,0,0,2,0,1,0,0,
"Korea, Dem. People's Rep.",Sudan,,,,,,,,,0,0,0,0,0,31,11,,,,,
"Korea, Dem. People's Rep.",Myanmar,,,,,,,0,80,199,2227,1583,1729,1252,0,0,0,0,0,0,
"Korea, Dem. People's Rep.",Lao People's Democratic Republic,,,,,,,1,0,0,0,0,35,434,91,208,33,16,10,,
"Korea, Dem. People's Rep.",Nepal,,,,,,250,130,523,0,0,0,0,144,0,0,0,0,0,0,
"Korea, Dem. People's Rep.",Tonga,,,,,0,0,0,0,11,50,39,,,0,4,0,0,0,0,
"Korea, Dem. People's Rep.",Congo,,,,213989,84,82,78,0,0,20,129,0,114,101,0,0,0,3,26,
"Korea, Dem. People's Rep.","Palestine, State of",,,,52,0,0,0,0,0,325,0,0,0,0,0,0,0,0,0,
"Korea, Dem. People's Rep.",Montenegro,,,0,0,0,0,0,0,0,0,0,0,0,0,0,1,0,0,0,
"Korea, Dem. People's Rep.",Central African Republic,,,0,0,0,56,52,0,0,0,0,0,61,0,51,8,0,4,0,
"Korea, Dem. People's Rep.",Nigeria,,,1084,0,0,0,0,0,0,23757,543,5,0,0,0,505,0,0,1013,
"Korea, Dem. People's Rep.",Antigua and Barbuda,,0,,0,,0,0,0,81,0,4,0,0,2,0,0,0,0,0,
"Korea, Dem. People's Rep.",United Arab Emirates,,0,,0,0,,,,0,0,0,0,687,6,707,2287,696,2139,0,
"Korea, Dem. People's Rep.",Lesotho,,0,0,0,0,0,3,38,0,0,0,0,0,0,0,0,0,0,0,
"Korea, Dem. People's Rep.",Aruba,,0,4,482,21,0,0,0,0,0,0,0,0,0,0,0,0,0,0,
"Korea, Dem. People's Rep.",Papua New Guinea,372,,,,,,,457,4546,,,,,,,85,345,15,,
"Korea, Dem. People's Rep.",Andorra,0,,0,0,0,0,0,0,0,0,0,2,0,0,4,0,0,0,1,
"Korea, Dem. People's Rep.",Kuwait,0,,0,14,5805,0,140,1425,0,370,7,77,18,0,0,0,0,0,0,
"Korea, Dem. People's Rep.",Guinea-Bissau,0,48,,,,,,,,0,0,0,0,0,0,,,,,
"Korea, Dem. People's Rep.",Suriname,2,48,,2,,17,386,348,757,793,292,655,431,435,672,1814,1901,821,1483,
"Korea, Dem. People's Rep.",Mauritania,70,8,,0,0,520,561,579,72,110,8,356,268,4,0,0,0,0,0,
"Korea, Dem. People's Rep.",Togo,0,0,,0,92,17,4,0,0,0,0,0,0,0,3162,8,0,0,1,
"Korea, Dem. People's Rep.",Comoros,0,0,,0,0,0,0,0,131,0,0,0,3,0,12,0,0,0,,
"Korea, Dem. People's Rep.",Cuba,153,3132,88,,,,,,,,,,1429,0,6,0,0,0,0,
"Korea, Dem. People's Rep.",Seychelles,0,40,0,,0,0,0,11,0,0,13,0,779,21,4,10,0,0,0,
"Korea, Dem. People's Rep.",Mongolia,175,2,0,19,,,26,2,97,724,8,692,1725,1978,1047,3191,130,0,0,
"Korea, Dem. People's Rep.",Angola,1497,17,3,0,,0,0,0,0,0,0,0,9,0,0,0,0,0,0,
"Korea, Dem. People's Rep.",Saint Lucia,0,0,0,0,0,,,,0,0,0,4354,0,0,0,5,8,,,
"Korea, Dem. People's Rep.",Mali,0,32,5,0,4,,0,6,87,,,,0,4,1183,98,62,148,138,
"Korea, Dem. People's Rep.",Grenada,0,0,0,0,0,,0,0,0,0,0,0,0,0,0,0,0,0,1,
"Korea, Dem. People's Rep.",Bangladesh,280,93,40,28,72,454,127,59,181,264,,142,,,,,,,,
"Korea, Dem. People's Rep.",Qatar,36832,181727,141538,117,27324,118446,0,0,52903,256,0,4331,,0,0,0,0,0,0,
"Korea, Dem. People's Rep.",Sri Lanka,0,3,55,62,99,40,3928,982,1371,275,848,1369,3574,2204,,44,56,0,0,
"Korea, Dem. People's Rep.",Albania,0,2,0,0,0,0,0,0,0,0,0,0,0,0,0,0,0,0,0,
"Korea, Dem. People's Rep.",Azerbaijan,13,0,0,0,0,0,0,0,0,0,0,0,0,0,0,0,0,0,0,
"Korea, Dem. People's Rep.",Bahamas,0,0,0,0,12,0,164,450,304,60,103,100,11,1,25,0,0,0,0,
"Korea, Dem. People's Rep.",Bahrain,187,252,1646,29,3,924,9,22175,0,0,0,0,0,0,0,0,0,0,0,
"Korea, Dem. People's Rep.",Barbados,0,0,1,62,25,0,0,0,14,4,12,7,0,0,19,1,118,198,62,
"Korea, Dem. People's Rep.",Botswana,0,0,0,0,0,0,0,0,0,0,0,0,7,746,427,42,0,0,0,
"Korea, Dem. People's Rep.",Brunei Darussalam,39,0,285,123,580,0,0,0,0,0,0,103,145,3,43,733,0,0,0,
"Korea, Dem. People's Rep.",Burundi,0,1,52,0,0,0,0,0,0,26,0,971,85,0,0,0,0,0,49,
"Korea, Dem. People's Rep.",Cambodia,107,5,101,23,898,2393,1897,558,494,948,676,799,0,0,0,0,47,453,0,
"Korea, Dem. People's Rep.",Benin,284,0,0,135,22,24,7,0,21,0,338,2566,10,338,772,199,0,0,0,
"Korea, Dem. People's Rep.",Ethiopia,30,1515,0,1013,320,842,1164,459,56,197,19,493,1434,923,456,97,8,461,4,
"Korea, Dem. People's Rep.",Fiji,84,34,31,29,134,58,5213,1150,861,253,27,0,194,7,239,269,18,170,3,
"Korea, Dem. People's Rep.",French Polynesia,0,0,0,0,0,0,0,0,0,0,0,0,36,0,28,12,40,12,15,
"Korea, Dem. People's Rep.",Georgia,233,48,2383,849,91,385,85,0,0,0,10,0,978,108,49,41,463,0,0,
"Korea, Dem. People's Rep.",Gambia,0,0,0,0,0,24,0,0,36,0,0,1,65,172,0,48,0,0,23,
"Korea, Dem. People's Rep.",Guyana,0,242,0,0,2,28,66,2,173,88,14,72,66,0,31,55,69,17,0,
"Korea, Dem. People's Rep.",Indonesia,3686,6605,13353,428,6957,8026,11816,6407,1021,2870,1414,1040,5548,261,33,200,1,56,3,
"Korea, Dem. People's Rep.","Iran, Islamic Republic of",0,11,0,0,0,0,0,0,0,0,0,0,0,0,21,0,0,0,0,
"Korea, Dem. People's Rep.",Israel,0,45,30,5,363,1279,1030,66,437,350,0,0,0,0,0,0,0,0,0,
"Korea, Dem. People's Rep.",Côte d'Ivoire,0,0,0,329,16,171,22,37,27,0,0,496,0,0,0,0,0,0,0,
"Korea, Dem. People's Rep.",Jamaica,94,21,29,149,204,31,225,382,130,930,0,0,0,0,0,0,0,0,0,
"Korea, Dem. People's Rep.",Kazakhstan,0,0,5,664,0,0,68,0,469,0,0,1512,0,0,0,0,0,0,0,
"Korea, Dem. People's Rep.",Jordan,232,0,0,0,0,0,0,0,0,0,0,0,0,0,0,0,0,0,0,
"Korea, Dem. People's Rep.",Kenya,35,1494,1156,1489,90,87,0,9,6,15,15,78,390,48,91,19,27,0,0,
"Korea, Dem. People's Rep.",Kyrgyzstan,502,1189,423,0,0,0,0,232,0,5,0,334,0,0,0,0,0,0,15,
"Korea, Dem. People's Rep.",Lebanon,21,11,0,14,0,179,153,142,0,470,19,28,464,189,197,0,22,11,0,
"Korea, Dem. People's Rep.","Macao, China",196,33,0,0,0,8,0,0,0,0,0,0,0,0,0,0,0,0,0,
"Korea, Dem. People's Rep.",Malawi,0,0,0,0,0,1065,2156,0,2684,1753,3765,0,87,271,0,51,3,0,0,
"Korea, Dem. People's Rep.",Mauritius,31,12,0,0,0,0,0,0,1,0,0,0,0,0,0,0,0,0,0,
"Korea, Dem. People's Rep.",Mexico,6997,8014,6325,3107,3061,923,14723,1589,1685,1560,921,45717,619,487,0,0,0,0,0,
"Korea, Dem. People's Rep.","Moldova, Republic of",0,0,0,0,0,0,0,0,0,35,3,0,0,0,27,0,0,0,0,
"Korea, Dem. People's Rep.",Morocco,0,0,0,0,0,0,0,0,765,3948,1512,206,649,105,39,97,0,0,0,
"Korea, Dem. People's Rep.",Mozambique,0,55,0,0,1122,230,2,2,969,17,810,227,7,115,2075,294,350,43,50,
"Korea, Dem. People's Rep.",Oman,0,0,0,0,0,0,0,0,0,40,0,0,0,0,0,0,2,0,0,
"Korea, Dem. People's Rep.",Namibia,5305,0,0,0,0,0,0,0,0,2,0,8,0,0,0,0,0,23,101,
"Korea, Dem. People's Rep.",Nicaragua,566,111,166,1,41,2,0,0,0,0,0,0,42,10696,0,20243,2,0,19,
"Korea, Dem. People's Rep.",Niger,0,0,0,1423,3141,3161,2943,3598,4136,1145,802,16,24,18,0,0,0,0,0,
"Korea, Dem. People's Rep.",Pakistan,1190,4325,1075,645,1277,467,63,55,58,87,23,16,2,6,0,0,0,0,0,
"Korea, Dem. People's Rep.",Philippines,91,0,49,1,0,0,1450,19895,6917,22045,45987,53242,34810,24939,0,0,0,0,35,
"Korea, Dem. People's Rep.",Rwanda,29,0,60,0,3,0,0,581,100,17,130,86,5,0,0,227,302,87,440,
"Korea, Dem. People's Rep.",Saudi Arabia,0,5536,6716,8238,23284,3479,1409,8702,1054,4860,2193,6681,3442,600,248,111,136,3,0,
"Korea, Dem. People's Rep.",Senegal,171,191,794,1141,262,95,54,131,764,170,520,7822,486,2502,1535,1024,179,254,114,
"Korea, Dem. People's Rep.",India,180585,38198,123448,638902,1093608,311193,427418,173507,230158,239455,75331,110967,54180,59403,31522,10429,4337,440,1769,
"Korea, Dem. People's Rep.",Viet Nam,0,1425,0,6311,0,0,0,0,0,1,34,0,0,0,0,0,0,0,0,
"Korea, Dem. People's Rep.",Zimbabwe,107,1139,777,1538,19,12,27,57,0,4,0,4,0,6,0,5,23,4,2796,
"Korea, Dem. People's Rep.",Trinidad and Tobago,0,67,0,2174,294,21241,17132,25192,98349,50,24,32049,227,58,769,127,93,65,32,
"Korea, Dem. People's Rep.",Tunisia,10,23,5,250,125,18,3,8,81,1,235,155,105,0,0,0,0,0,0,
"Korea, Dem. People's Rep.",Uganda,134,0,0,9,149,406,62,375,2233,1684,2322,98,1335,209,1027,265,255,187,1654,
"Korea, Dem. People's Rep.","Macedonia, North",0,555,237,0,13,200,38,0,0,1098,159,20,1,9,0,0,0,0,0,
"Korea, Dem. People's Rep.",Egypt,22,0,0,1,592,2463,269876,9169,1309,766,1679,288,431,53,76,0,133,0,0,
"Korea, Dem. People's Rep.","Tanzania, United Republic of",4,0,3,28,102,485,1836,685,1853,67,109,83,634,2320,815,286,54,2,20,
"Korea, Dem. People's Rep.",Burkina Faso,0,0,0,0,0,0,0,0,0,3,6467,651,725,422,0,0,0,0,70,
"Korea, Dem. People's Rep.",Uruguay,927,84,152,80,414,562,535,608,17,0,561,0,0,0,108,0,0,0,0,
"Korea, Dem. People's Rep.",Samoa,111,0,0,0,0,0,0,0,0,0,11,0,21,0,248,62,20,0,0,
"Korea, Dem. People's Rep.",Zambia,0,0,11,20,0,0,47,1,0,5,5127,0,0,1,518,584,2,1218,0,
"Korea, Dem. People's Rep.",Belarus,2086,5689,1431,1651,1090,1052,3750,903,598,1016,377,366,313,0,0,113,2,0,,
"Korea, Dem. People's Rep.",Cameroon,0,0,0,0,0,0,0,5,383,2971,36,201,24,0,60,19,25,10,,
"Korea, Dem. People's Rep.",Gabon,1383,63742,937,9,3437,80,0,7,1611,80318,73884,296218,189324,72532,184957,66040,681,744,,
"Korea, Dem. People's Rep.",Honduras,8159,10808,10440,13439,0,16596,20661,32042,12514,0,0,0,0,484,3335,7733,8345,8375,,
"Korea, Dem. People's Rep.",Russian Federation,204868,226346,190434,103616,96882,41780,45797,99182,58428,103426,82157,77501,68051,74210,32083,44866,41954,0,,
"Korea, Dem. People's Rep.",Eswatini,0,0,0,0,0,0,0,0,0,23,0,0,0,0,0,0,0,0,,
"Korea, Dem. People's Rep.",Ghana,0,1,0,0,0,0,0,8,20,637,552,0,0,0,0,0,,,,
"Korea, Dem. People's Rep.",Solomon Islands,0,0,0,5555,0,0,0,0,0,0,0,379,261,110,0,,,,,
"Korea, Dem. People's Rep.",Algeria,0,352,22576,0,720,46,0,0,0,0,0,0,0,0,,,,,,
"Korea, Dem. People's Rep.",Saint Kitts and Nevis,0,0,0,0,0,0,0,0,0,0,0,0,0,0,,,,,,
"Korea, Dem. People's Rep.",Guinea,65,171,9,100,85,121,71,323,3252,1558,1416,3264,3538,,,,,,,
"Korea, Dem. People's Rep.",New Caledonia,0,0,4,0,0,513,0,0,0,0,0,0,,,,,,,,
"Korea, Dem. People's Rep.",Yemen,9,0,215930,56,1312,6,26,0,2,0,0,0,,,,,,,,
"Korea, Dem. People's Rep.","Venezuela, Bolivarian Republic of",0,0,5436,6337,212,2369,1823,9,0,0,,,,,,,,,,
"Korea, Dem. People's Rep.",Syrian Arab Republic,0,55,206,11534,0,6879,5391,,,,,,,,,,,,,
"Korea, Dem. People's Rep.",Faroe Islands,127,0,0,0,0,0,,,,,,,,,,,,,,
"Korea, Dem. People's Rep.",Serbia and Montenegro,2,,,,,,,,,,,,,,,,,,,
